group,ticker,omega,alpha,beta,persistence,half_life_days,log_likelihood,aic,lb_pvalue_resid,lb_pvalue_resid_sq
software,ACIW,0.8097263732643889,0.13194151846127875,0.7289253395614906,0.8608668580227694,4.626674389657842,-3238.2520764561064,6486.504152912213,0.6820637898908132,0.9983145045459777
software,ADBE,0.4912471941820401,0.11843523419080415,0.8046963415424216,0.9231315757332258,8.66612688764936,-3213.040249189992,6436.080498379984,0.4153150612263276,0.971435532225464
software,ADP,0.08455752143502838,0.08607647730674642,0.8832323255995688,0.9693088029063152,22.236185816934896,-2558.6231158928845,5127.246231785769,0.03264897362968738,0.9868776393820351
software,ADSK,0.229524722754787,0.1011612103432909,0.8595130564896775,0.9606742668329684,17.27690073916212,-3217.3685554310177,6444.7371108620355,0.28868136205701805,0.9860033996589846
software,AKAM,0.33237547116872446,0.1263543466814309,0.8097787145467256,0.9361330612281564,10.502603459349947,-2836.145695422256,5682.291390844512,0.7827327159139648,0.9998819336003745
software,APPF,0.8555379371149346,0.10440933727285757,0.7962140785215753,0.900623415794433,6.622336423797815,-3510.19254666668,7030.38509333336,0.539502974769088,0.996447492585961
software,BOX,0.5154382333935846,0.1339891018940733,0.7891383894016292,0.9231274912957025,8.665647518352747,-3139.8048109968595,6289.609621993719,0.0842134764684766,0.9799881947831702
software,BSY,0.250997595076534,0.1064425912430536,0.850016291044422,0.9564588822874756,15.570225465722636,-2883.985099481126,5777.970198962252,0.5288128598147025,0.9486910248475202
software,CDNS,0.2606946865234623,0.09575971058223204,0.8614390639669833,0.9571987745492154,15.845463626016752,-3255.038649732877,6520.077299465754,0.255478439068052,0.8460677047750584
software,CHKP,0.35464873856709966,0.11413287998835346,0.7544260707646819,0.8685589507530354,4.918734533134951,-2705.5829315967903,5421.165863193581,0.4652074397524181,0.999510013671398
software,CLBT,0.000429295971374341,0.09831296734792117,0.9016871160478598,1.000000083395781,,-2839.929509346395,5689.85901869279,0.2531059363447374,2.226960158954291e-05
software,CORZ,3.0611795537346623e-07,0.0,0.9980247032460884,0.9980247032460884,350.56118423790946,-1469.452016428856,2948.904032857712,0.26781932542793985,0.49276869975049853
software,CPAY,0.3100884771517614,0.10985658006641785,0.8299941588782144,0.9398507389446322,11.173628872994037,-3107.7932356649026,6225.586471329805,0.08795214898225971,0.9783833861031128
software,CRM,0.26521682891150544,0.08273759651631686,0.8727067133338955,0.9554443098502123,15.20766603605484,-3254.314237967643,6518.628475935286,0.70116062332622,0.9995821934547338
software,CRWD,1.3064348132534678,0.11498744520176478,0.7708547286633547,0.8858421738651194,5.718258725212021,-3834.6353417047294,7679.270683409459,0.06414611644673503,0.6968609313532936
software,CVLT,0.24241539777112753,0.046235856166682736,0.9152107156044469,0.9614465717711296,17.63002822991678,-3203.3238609363407,6416.647721872681,0.8659089973693087,0.9837886811142037
software,DAVE,0.0003385114162720114,0.060403404133273275,0.9395966477507581,1.0000000518840313,,-3244.648145155082,6499.296290310164,3.8581894643781165e-05,4.6641081214650885e-37
software,DBX,0.23970258694374577,0.053168636069709854,0.8984985039405655,0.9516671400102754,13.991681583746391,-3173.863887081801,6357.727774163602,0.7238937546581053,0.999651151818183
software,DDOG,0.5798521772634512,0.10686581747874573,0.8628033619417774,0.9696691794205231,22.50454638360125,-3896.892036468249,7803.784072936498,0.6643378429013691,0.9674049524821494
software,DLO,2.311788487969927,0.23592301575763708,0.7015039269173261,0.9374269426749632,10.727100594974132,-3137.7001633097752,6285.4003266195505,0.954883761981202,0.9995478716586371
software,DOCN,1.4169695302840064,0.12485752817016667,0.8043451143448127,0.9292026425149794,9.439765233073166,-3329.507282513598,6669.014565027196,0.24939832541330664,0.9556041554033822
software,DOCU,1.1595358917144154,0.1667229825213218,0.7599176736518052,0.926640656173127,9.097681639040319,-3823.556657856091,7657.113315712182,0.8093906573216434,0.9997866823046327
software,DOX,0.40247465776581975,0.17916474410266137,0.6034852327942647,0.7826499768969261,2.828367394972656,-2440.5651242646295,4891.130248529259,0.5680230988707539,0.9583829234178349
software,DT,0.022734350003261634,0.026535981703224597,0.9707744815988485,0.9973104633020731,257.37319007823993,-3481.884220316102,6973.768440632204,0.8247547639568346,0.9515989769023468
software,DUOL,1.4131017261922432,0.07052432924917679,0.8581421582888674,0.9286664875380441,9.366144217520077,-3043.307664288959,6096.615328577918,0.2460912125562965,0.999210924744335
software,EEFT,0.5962819799974322,0.171447766832965,0.7441852314454754,0.9156329982784405,7.864192435677342,-3292.399495874828,6594.798991749656,0.7479969808584859,0.9997664490612077
software,ESTC,1.2888190066253273,0.12908582334617275,0.7920778142832773,0.9211636376294501,8.440910476888241,-3890.8631888887576,7791.726377777515,0.43503369687992904,0.9936961515392914
software,FFIV,0.2433654669077168,0.09948656028608553,0.8439780412205824,0.9434646015066679,11.910475316146686,-2939.204216994408,5888.408433988816,0.4867380560033323,0.9526575559146448
software,FICO,1.1865541086856204,0.18890178543849967,0.6237281804633016,0.8126299659018013,3.340799690427768,-3269.9692610142547,6549.938522028509,0.5984925438196217,0.9988834737207346
software,FOUR,0.4706414116153974,0.10392422649455793,0.8676787012855696,0.9716029277801275,24.060869633834862,-3632.4739119421693,7274.9478238843385,0.260417455286477,0.8525923431020928
software,FROG,2.1785734098992697,0.10819149654417913,0.6977134473771918,0.8059049439213709,3.2121453915822222,-3389.5969737220275,6789.193947444055,0.2998488095147889,0.9988280651186195
software,FTNT,1.511636059360973,0.18364442211746757,0.644862922923189,0.8285073450406566,3.684413651319169,-3403.899582663169,6817.799165326338,0.2390248089388128,0.9981715694709927
software,GDDY,0.2201524333700907,0.07787472433663206,0.8844624786540111,0.9623372029906432,18.055237210945336,-3040.617420369534,6091.234840739068,0.590602998853673,0.9956388205049411
software,GEN,1.5583386140974353,0.16925866558422972,0.450340619083756,0.6195992846679858,1.448031699599067,-2961.0246896622193,5932.049379324439,0.891073947688666,0.9961510234741977
software,GTLB,0.025256420951015077,0.014511761093954065,0.9829784771744218,0.9974902382683758,275.83375362154294,-2989.4667827106705,5988.933565421341,0.8070804436476344,0.9936904531724285
software,GWRE,0.6553204446968155,0.1177291338426205,0.7656317380182086,0.8833608718608291,5.588928765297778,-3180.735082450894,6371.470164901788,0.26165831362352443,0.9783042817709922
software,HUBS,0.1980006109669323,0.07116747298595563,0.9167011191191375,0.9878685921050931,56.78930327307593,-3786.462492100656,7582.924984201312,0.10947481967354823,0.6751071909079491
software,IDCC,0.24093273330475146,0.0691927184230515,0.8906615999266395,0.959854318349691,16.916856508700704,-3076.28836983004,6162.57673966008,0.3555817819072922,0.9690543712877198
software,INTU,0.13218153531541163,0.10618968915658163,0.8727419959186298,0.9789316850752114,32.552178404228094,-3170.585591039161,6351.171182078322,0.08652817951392658,0.9902683913042358
software,IOT,0.030090906315375556,4.317471734876034e-19,0.9962325722861258,0.9962325722861258,183.6374101262186,-2757.680198047091,5525.360396094182,0.1918597806747485,0.9689699314640513
software,KVYO,2.692391531469562,0.18789659704012773,0.5954051754191206,0.7833017724592484,2.838007615332623,-1448.510896714942,2907.021793429884,0.5984397608526459,0.9850337843286696
software,LYFT,2.45261347338631,0.09106614068193027,0.7753915533776612,0.8664576940595915,4.835618346048476,-4173.911246566606,8357.822493133212,0.6190825639440876,0.9996147204995838
software,MANH,0.31957478040299864,0.07634965131603377,0.8735699981507689,0.9499196494668026,13.491160294061094,-3307.970246568527,6625.940493137054,0.4291582356850222,0.999975408150057
software,MDB,2.5265461728449345,0.10873341514724784,0.7607097966373096,0.8694432117845575,4.95451029286702,-4082.7960342287693,8175.5920684575385,0.4282288160158605,0.9893325513093816
software,MSFT,0.10181507198518573,0.1043192747035818,0.8692992514719651,0.9736185261755469,25.925894898356137,-2842.9958706787274,5695.991741357455,0.4623419065184253,0.9751766791639331
software,MSTR,0.24364527581788403,0.08804083948926908,0.9119591605107309,1.0,,-4526.876262450589,9063.752524901178,0.005653035243866896,0.3515796707985634
software,NET,0.16181831743306144,0.04498114494218283,0.948197381538011,0.9931785264801939,101.2655607260807,-4120.557332084917,8251.114664169834,0.4769663343846986,0.9645413405221062
software,NOW,0.17829957434191349,0.08330048022687767,0.9000185244076271,0.9833190046345047,41.205561471891976,-3423.5861762179493,6857.172352435899,0.42239963644059286,0.8327180195070885
software,NTAP,0.4878916577384583,0.14848462455225145,0.7573831769725192,0.9058678015247706,7.011267176329912,-3124.497193581195,6258.99438716239,0.7343907424630437,0.9783531540430963
software,NTNX,0.1791130606668618,0.01908873065173346,0.9623497676443133,0.9814384982960468,36.99561476953294,-3678.332629205725,7366.66525841145,0.271319360357467,0.999287945117094
software,OKTA,1.3259613622103632,0.1678272886254934,0.7331653875256056,0.9009926761510989,6.648374066294592,-3743.3712887237043,7496.742577447409,0.41762355953075225,0.9984027834794652
software,ORCL,0.4621321618361718,0.16350786876745385,0.7829281579474036,0.9464360267148574,12.59079489419775,-3043.8366642961,6097.6733285922,0.9982676094635065,0.9981296742799203
software,PANW,1.2523064133127417,0.11666175776218846,0.6939388728471853,0.8106006306093737,3.301018593311486,-3332.521188864378,6675.042377728756,0.658714568957883,0.9865224299867789
software,PATH,0.262010066815267,0.034436106892379234,0.9480252682556543,0.9824613751480334,39.17358611316198,-3188.7099320237485,6387.419864047497,0.6502853011724147,0.9999501741738464
software,PAY,5.06375360142873,0.11454627690354478,0.5699844030868093,0.6845306799903541,1.8287791217482745,-3035.6419455615596,6081.283891123119,0.37268069395280284,0.9921049321987604
software,PAYC,0.9764899756040617,0.17702822350315223,0.7251825068237281,0.9022107303268803,6.7356554854528605,-3517.3933796734746,7044.786759346949,0.5231108771432321,0.9999905371232649
software,PAYX,0.13594744917032134,0.09821682138143736,0.8541831372967922,0.9523999586782296,14.212512360451855,-2678.9902942979697,5367.9805885959395,0.08945981106205943,0.9970094143693013
software,PCOR,0.152860166646432,0.06135356616284407,0.9240553346399708,0.9854089008028148,47.15737268826902,-2841.5325597938954,5693.065119587791,0.026305709654651684,0.9761699591249773
software,PCTY,0.30751117002041045,0.12029255513466126,0.8434561219072008,0.9637486770418621,18.771897320993986,-3493.4934663024515,6996.986932604903,0.699026637692235,0.3290323588021835
software,PEGA,0.5392842948588583,0.06527402930282854,0.8727698839028076,0.9380439132056362,10.837449516212676,-3551.3830105725897,7112.766021145179,0.026510078986851593,0.9980752720333332
software,PLTR,0.5889470139743995,0.059515676153774476,0.9142183135014373,0.9737339896552119,26.041400405669638,-3665.3170403772083,7340.634080754417,0.019543844887507864,0.9983561750155713
software,PTC,0.12349603351791436,0.06755292956067448,0.9091867704599502,0.9767397000206247,29.45164743358516,-3036.9171256526697,6083.834251305339,0.895085983775321,0.9861123954766886
software,QLYS,0.6309172767488695,0.1045874536379083,0.796197329276068,0.9007847829139763,6.633691078466043,-3318.9376606967903,6647.875321393581,0.9566933738646795,0.9903235021681508
software,RBRK,2.2081379201606555,0.03904852396841111,0.8135398077394056,0.8525883317078167,4.346337300464771,-1132.3976433635953,2274.7952867271906,0.6322696951521121,0.99765199160881
software,RELY,0.0188440967479268,7.816161780568961e-20,0.9962277787305366,0.9962277787305366,183.40361166000338,-2703.176514413469,5416.353028826938,0.5891990359586984,0.9999959252366589
software,ROP,0.08013571157389292,0.08393337681551569,0.8790525124024033,0.962985889217919,18.377813655435272,-2514.208759423799,5038.417518847598,0.1928175872986771,0.9412490557097014
software,S,2.298024171243985e-07,6.567584289075962e-07,0.9986765578594797,0.9986772146179086,523.6591259034388,-3070.0147452721794,6150.029490544359,0.41507538728204374,0.9968704509140792
software,SHOP,0.5252489448347444,0.08943042895970196,0.8871381362949803,0.9765685652546823,29.23399190228419,-4050.314864340187,8110.629728680374,0.569834020632905,0.9672955360218912
software,SNOW,0.0250445035993219,0.021807862704601527,0.9768617270333869,0.9986695897379885,520.6559307087707,-3479.8173999020073,6969.634799804015,0.3290489781852422,0.9999716072169997
software,SNPS,0.3125231258238626,0.08955879950707363,0.8634587933020016,0.9530175928090752,14.403981634297969,-3297.1063471825964,6604.212694365193,0.9305487175966365,0.9999999918494634
software,SSNC,0.13152798101731997,0.11582126271993508,0.8412889279170221,0.9571101906369572,15.812010292706836,-2699.4583199480608,5408.9166398961215,0.33834638561360786,0.9462633336032751
software,TEAM,0.03351842401064477,0.024659369657307216,0.97376627794013,0.9984256475974372,439.9278123414234,-3820.1453259826067,7650.290651965213,0.6880386190112386,0.9959565740676097
software,TENB,0.10364678141899236,0.03125736309158097,0.9560726626586826,0.9873300257502636,54.360550134342965,-3542.972308501206,7095.944617002412,0.040437045819429945,0.9871478718909286
software,TOST,0.008003216295674877,0.00905033534610274,0.9889438882685923,0.997994223614695,345.22881209040554,-2873.9339056831805,5757.867811366361,0.43170536844314333,0.9750504267936122
software,TTAN,1.1069858580958472,0.05486901535081172,0.8071289428824251,0.8619979582332368,4.667583070039223,-620.5658120981514,1251.1316241963027,0.5581676862844465,0.9665908390219368
software,TWLO,0.27804751516127535,0.06934409383497185,0.9162252496696778,0.9855693435046496,47.68554917246486,-3925.462906121491,7860.925812242982,0.6745688483368385,0.9526722145258492
software,TYL,0.1616908134842765,0.11199697722162548,0.8548554046109369,0.9668523818325624,20.562398976585275,-2958.709038236999,5927.418076473998,0.1733639533206513,0.9045117280108794
software,U,0.24313690504177873,0.03093052421557296,0.956429539493879,0.987360063709452,54.49056144512082,-3822.264301429178,7654.528602858356,0.3221377024176402,0.9287220151878863
software,UBER,0.48004997090209606,0.09413643815782813,0.8593657529338997,0.9535021910917278,14.557769652574411,-3700.9444004857974,7411.888800971595,0.8990115980200986,0.9042969291195896
software,VRNS,0.9361598408999257,0.16455704607673763,0.7450356070951789,0.9095926531719165,7.3148879816950245,-3602.5564059319017,7215.1128118638035,0.888404023563572,0.9999999943270663
software,VRSN,0.23450468785859174,0.12667958266983895,0.7859783713025367,0.9126579539723756,7.584156065876601,-2669.6997689250625,5349.399537850125,0.008060582576121316,0.9307196553496311
software,WDAY,0.07495104617771318,0.0416496836854686,0.948966934728209,0.9906166184136777,73.5225389824299,-3327.001878229619,6664.003756459238,0.573882713298508,0.9981760116553685
software,WEX,0.30376749984530277,0.11915537502580077,0.8382310983533632,0.9573864733791639,15.916806777223801,-3326.5858899060568,6663.1717798121135,0.772420155272499,0.9998147961184252
software,XYZ,0.4599908706806741,0.08640122677359065,0.8864047844950226,0.9728060112686132,25.140819246787842,-4032.6988880979957,8075.397776195991,0.21540057344037652,0.8967015184042043
software,YOU,0.03147073967396851,4.0386473134031385e-20,0.9949888785407922,0.9949888785407922,137.97490436006427,-2940.800828278556,5891.601656557112,0.8826959181058441,0.9839048465783555
software,ZETA,0.8889005835222525,0.07440421983372082,0.8840218236768762,0.958426043510597,16.323603403705373,-3207.9991279822916,6425.998255964583,0.42434458167294525,0.18525366722186493
software,ZM,0.01807490673732472,0.025303060217744932,0.972529653282136,0.997832713499881,319.4758905419707,-3654.2313918246145,7318.462783649229,0.4807189081274612,0.9617454363887357
software,ZS,0.7931600446519679,0.13529907424241633,0.8177902259830815,0.9530893002254979,14.42653783948023,-3793.7571147996896,7597.514229599379,0.9751600988686666,0.9824816748689728
semiconductor,ACLS,0.49524447291849644,0.06996480498165708,0.8926227952363555,0.9625876002180125,18.178428448443512,-3944.5538776290023,7899.1077552580045,0.0003050992982389271,0.8052156152574078
semiconductor,ACMR,3.5066412913844016,0.09209212907090944,0.7930419308879054,0.8851340599588149,5.68078155090983,-4519.877100488697,9049.754200977393,0.3630505049922801,0.9501124373874918
semiconductor,ADI,0.2761201500059916,0.09246150241741323,0.8475183393098135,0.9399798417272267,11.198424357049882,-3161.5563477860896,6333.112695572179,0.00413249953865287,0.6994856616130429
semiconductor,AEHR,12.29890453444702,0.09590422967954655,0.5875408706408299,0.6834451003203765,1.8211531421093212,-4704.820419412548,9419.640838825097,0.69516959115589,0.8407026677169266
semiconductor,AIP,3.6810308966016483,0.08116431899194562,0.7810958176037903,0.862260136595736,4.677161040437144,-3053.1601668475387,6116.320333695077,0.568372951695401,0.8535497708988359
semiconductor,ALAB,3.135738733320793,0.0,0.9004848888363044,0.9004848888363044,6.6126182715833695,-1362.2974878678651,2734.5949757357303,0.7516533317924446,0.9683769281457544
semiconductor,ALGM,0.28086777447760614,0.03360152905684024,0.9342424401816096,0.9678439692384498,21.20728293569448,-3247.2610239810765,6504.522047962153,0.1910817086107787,0.20340494843492413
semiconductor,ALMU,77.63624063042606,1.0,0.0,1.0,,-2281.8565708205315,4573.713141641063,0.08366096803670209,0.9960708234128257
semiconductor,AMAT,0.4574542994309559,0.09120947335685999,0.8561566966502794,0.9473661700071394,12.81953656379503,-3618.832138843124,7247.664277686248,0.0007089048769030454,0.7387772234640817
semiconductor,AMBA,1.323749989001483,0.05466526215396322,0.858697066245407,0.9133623283993701,7.648721286035104,-4010.4561956860834,8030.912391372167,0.15524618755086558,0.9978054122305355
semiconductor,AMD,0.5115310123187176,0.05730521162424766,0.9008325542103749,0.9581377658346225,16.208772593008852,-3861.347823144264,7732.695646288528,0.382867012281592,0.961948107446226
semiconductor,AMKR,0.8433199925164252,0.0812005494753491,0.8517760658024096,0.9329766152777588,9.991290193902248,-3812.278182035337,7634.556364070674,0.017204715150223496,0.967926966064702
semiconductor,AOSL,0.38675243856535296,0.04780974432603736,0.9349539358137914,0.9827636801398287,39.866759419452585,-4169.969091941113,8349.938183882226,0.18778551389462153,0.8662009649593393
semiconductor,ASYS,1.7780648245172237,0.12541730428314699,0.7900003034185744,0.9154176077017214,7.843257025817178,-3959.1180153043174,7928.236030608635,0.22031801124297773,0.9754159712202629
semiconductor,ATOM,2.564929497028945,0.07959587907917083,0.8468174975380578,0.9264133766172287,9.068484367439105,-4702.137366631687,9414.274733263373,0.6360791374384601,0.9663194119124845
semiconductor,AVGO,0.4420434304791343,0.13164535739661237,0.811812063783205,0.9434574211798175,11.908917930416754,-3393.6929192483003,6797.385838496601,0.2110082692468719,0.9548542964590468
semiconductor,AXTI,0.7040628149623022,0.0447187931302986,0.9288039273608665,0.9735227204911651,25.83081903258172,-4403.274137413593,8816.548274827186,0.5158951336330537,0.999783174761119
semiconductor,CAMT,0.6137204819309576,0.05181618525513317,0.8988714824280681,0.9506876676832013,13.706769900555948,-3932.178144878119,7874.356289756238,0.22690375697047302,0.9847609424090769
semiconductor,CEVA,1.826147559715955,0.1156108512987472,0.7245910601991385,0.8402019114978857,3.9810180780544453,-3804.4705836875532,7618.9411673751065,0.4717356650855117,0.8510334846700892
semiconductor,COHU,0.25908201139017123,0.0631498146952357,0.9130682030367014,0.9762180177319372,28.797932069007786,-3782.649508049748,7575.299016099496,0.019898306537060068,0.5789524402983283
semiconductor,CRDO,4.905514437600683,0.1357874044987839,0.6529825809945697,0.7887699854933536,2.9212139257944303,-2828.4764339863723,5666.952867972745,0.672812945055635,0.9999925937446392
semiconductor,CRUS,1.1303020625422031,0.180512137788233,0.6404776721232713,0.8209898099115043,3.5141506834483645,-3350.9799158705264,6711.959831741053,0.3948149301109041,0.9298566430469777
semiconductor,DIOD,0.37362680094301765,0.07497912676744001,0.8793348471123505,0.9543139738797906,14.82269896186801,-3625.1217459152504,7260.243491830501,0.49364187475678034,0.2516355420561455
semiconductor,ENTG,0.3671638182271521,0.06848255018295205,0.8939292690748645,0.9624118192578165,18.091775510734923,-3727.210352912005,7464.42070582401,0.009441423224488307,0.8537301004570842
semiconductor,FORM,1.1590119194362671,0.05562184735423736,0.8450542297897947,0.9006760771440321,6.626037906709634,-3836.0302983091765,7682.060596618353,0.004049793146138115,0.9724249124335109
semiconductor,GFS,0.3731597612303038,0.07289251005299249,0.8870623957722877,0.9599549058252802,16.960231741388707,-2580.940774143827,5171.881548287654,0.5044071515118781,0.050619414769106766
semiconductor,GSIT,1.2393226790218523,0.1319460887914971,0.8506332577703787,0.9825793465618757,39.441227652831905,-4396.822833314202,8803.645666628405,0.9709630774680449,0.9999998458335938
semiconductor,ICHR,0.5239570886908478,0.0434726850847324,0.9254639178215841,0.9689366029063164,21.96555661736797,-4104.270866873845,8218.54173374769,0.00904509791704635,0.9884108912383358
semiconductor,INTC,0.28179507272467663,0.06998084384252708,0.9052347560030245,0.9752155998455516,27.619051887774308,-3517.3826526319035,7044.765305263807,0.2563363150934618,0.9950415079844094
semiconductor,INTT,2.6315507234785604,0.09916819074331468,0.7150747139974353,0.81424290474075,3.3730356294056856,-4039.590157910978,8089.180315821956,0.6465668611248607,0.5472269089584741
semiconductor,IPGP,1.0849345720156414,0.11503731744134478,0.7343287079017426,0.8493660253430875,4.2455328727048816,-3453.330067835376,6916.660135670752,0.0295253268713132,0.989481761993182
semiconductor,KLAC,0.3768471950515703,0.07515457750483803,0.8787564520015299,0.9539110295063679,14.690029789532266,-3582.2435871761027,7174.487174352205,0.00019420711080862094,0.9533494987451525
semiconductor,KLIC,0.512536486238064,0.10579275352950653,0.837249402878618,0.9430421564081246,11.819516404907588,-3642.448477835128,7294.896955670256,0.6104754618197419,0.004205351384515278
semiconductor,LASR,1.45629965215917,0.14113774630729278,0.7747159471895818,0.9158536934968746,7.8857545368696496,-4024.8788772020985,8059.757754404197,0.06903669027900657,0.9785195928586096
semiconductor,LRCX,0.31896830675631166,0.07791329780024871,0.8886402504485833,0.966553548248832,20.375548595878335,-3676.8645825994863,7363.729165198973,0.0001824469383938291,0.09719120806937494
semiconductor,LSCC,0.45333892710464196,0.05733516501067878,0.9027355903376847,0.9600707553483635,17.01045901064498,-3890.4055957702885,7790.811191540577,0.029603460933706336,0.7077916467726408
semiconductor,MCHP,0.4371805691096142,0.09192026236577182,0.8510982949228346,0.9430185572886064,11.814474916210404,-3573.0935201374114,7156.187040274823,0.501116924334706,0.19246794756876373
semiconductor,MPWR,0.5851489790631142,0.11130429003524772,0.8428664592446822,0.9541707492799298,14.775275163962903,-3816.732142226958,7643.464284453916,0.06951372894427471,0.5767464789124603
semiconductor,MRAM,0.11531935389791712,0.02529450450446998,0.9695501646850133,0.9948446691894833,134.1056404175849,-4075.770861386389,8161.541722772778,0.3142136100184242,0.9999956521369348
semiconductor,MRVL,0.6667047901692652,0.08460335680722136,0.8643213903372756,0.948924747144497,13.221494724498568,-3912.325406508009,7834.650813016018,0.22862120485341406,0.998539453149006
semiconductor,MTSI,0.668770289671843,0.10380173838790398,0.8210656620676762,0.9248674004555801,8.874566863900483,-3637.170075721104,7284.340151442208,0.005453503873299684,0.9971833800428962
semiconductor,MU,0.2138790505618287,0.06397510104557307,0.9153316956462685,0.9793067966918415,33.148587918346685,-3736.3872286070455,7482.774457214091,0.01382801440206167,0.8449901019284645
semiconductor,MXL,1.452383131183549,0.07555339940426604,0.8449867188999816,0.9205401183042476,8.371879036589196,-4133.306639195769,8276.613278391538,0.07551259284852932,0.9991888841586984
semiconductor,NVDA,0.3648900997397118,0.0907432887949036,0.8786999913363513,0.9694432801312549,22.335586335160265,-3814.623662214528,7639.247324429056,0.20768496497823463,0.9958949860749351
semiconductor,NVEC,0.7692277108664333,0.05037512211217277,0.8346849918923913,0.8850601140045641,5.676894529253059,-3377.463629760778,6764.927259521556,0.06248004669840588,0.9634428092793033
semiconductor,NVMI,0.16183800632160036,0.060470052285011275,0.9215773288590692,0.9820473811440804,38.262188758697235,-3615.9153389280928,7241.8306778561855,0.0005846782379377277,0.3885306969524238
semiconductor,NVTS,3.632009586378891,0.11828699137319162,0.7822982432928012,0.9005852346659928,6.619655182636831,-3284.972615891665,6579.94523178333,0.8957699461135128,0.999999923886787
semiconductor,NXPI,0.34649538352423226,0.10574844908493423,0.8439187695151016,0.9496672186000358,13.421730535537971,-3493.10893217568,6996.21786435136,0.004137302195276092,0.2865095509628704
semiconductor,ON,0.898075200238784,0.12232421478885336,0.802737486876135,0.9250617016649884,8.898499409625666,-3876.979513329618,7763.959026659236,0.016816567377100126,0.9468525288094486
semiconductor,ONTO,1.0983558281932346,0.08231313205391315,0.8250092201870066,0.9073223522409197,7.1269287449418295,-3886.6728205289323,7783.345641057865,0.1313135989680528,0.9996034778385805
semiconductor,PI,0.8806572617880335,0.022313658117068855,0.9310506692580756,0.9533643273751444,14.513693162334864,-4148.18583774365,8306.3716754873,0.08448949737512952,0.9997502323002665
semiconductor,PLAB,2.5714157324801983,0.1773153144838202,0.5810942756981304,0.7584095901819506,2.5065741959234473,-3675.142544533935,7360.28508906787,0.0323137390035928,0.9998767077993966
semiconductor,POET,2.9965842318418816,0.24733293155833366,0.7284681564086382,0.9758010879669718,28.295744672544274,-4489.344458502768,8988.688917005536,0.6641930689532964,0.9861321650463256
semiconductor,POWI,0.6701069802251157,0.09302352760271991,0.8190687017658138,0.9120922293685337,7.5330486136958195,-3554.335844625859,7118.671689251718,0.0050204677937614,0.024873248665946413
semiconductor,PXLW,2.925984983881566,0.16793131698458003,0.7341651262845824,0.9020964432691625,6.727373841799932,-4348.234668483924,8706.469336967848,0.3842321442765096,0.9990398990877589
semiconductor,QCOM,0.21081765584249776,0.07339280763397298,0.898480552665941,0.9718733602999139,24.295574830115328,-3389.8078674813496,6789.615734962699,0.29455936775094593,0.8783777752002032
semiconductor,QRVO,0.7347481357914042,0.14038629834769162,0.7724018398354618,0.9127881381831535,7.5960106593261445,-3477.1142105879935,6964.228421175987,0.0032527734191295943,0.9999574377652651
semiconductor,QUIK,0.3798716704150356,0.053787521937964634,0.9307072321469881,0.9844947540849528,44.356566808162015,-4304.55367089979,8619.10734179958,0.566840839208411,0.136698685348908
semiconductor,RBCN,1.8708247011432821,0.29098176069122067,0.7090182393087794,1.0,,-4059.3458698994823,8128.691739798965,5.6219506588745045e-05,0.9999766649701881
semiconductor,RMBS,0.27973779521854397,0.07647142789717816,0.9001270554943828,0.976598483391561,29.271813288227875,-3665.9406369278067,7341.8812738556135,0.23728693410591237,0.9918758010107451
semiconductor,SCIA,0.055558931855607833,0.009472532069144599,0.9905274685182913,1.0000000005874359,,-4045.075737445884,8100.151474891768,4.640761323635151e-16,1.0165689235575685e-15
semiconductor,SITM,1.8573914344989206,0.0663549989974082,0.8550264561682925,0.9213814551657007,8.465283536800923,-4372.524613208214,8755.049226416428,0.5703909193746979,0.9911072932530908
semiconductor,SKYT,6.69567307956519,0.08311137677502597,0.7309701907164238,0.8140815674914498,3.369786092329413,-3649.296316724859,7308.592633449718,0.8940801112640903,0.9998051337329237
semiconductor,SLAB,0.5300498002171024,0.09928298461938763,0.845247572858174,0.9445305574775616,12.146148766695834,-3642.5939193788076,7295.187838757615,0.21583953617629884,0.8887186840228221
semiconductor,SMTC,0.40746516622948237,0.05971146157616644,0.9110424206251934,0.9707538822013598,23.352197066620647,-3917.619571254599,7845.239142509198,0.13500473600934226,0.8903519891621131
semiconductor,SWKS,0.9950366245521306,0.18087762612628736,0.6788346225585723,0.8597122486848596,4.585594468478764,-3411.7568897247247,6833.513779449449,0.004573559463839296,0.9979661608203894
semiconductor,SYNA,0.22232176733338363,0.037739036038971704,0.9415568398484344,0.9792958758874061,33.13091894414355,-3827.457933732064,7664.915867464128,0.002497681299889761,0.1920830259067666
semiconductor,TER,0.2708642660993242,0.04898039313137478,0.9202955593724276,0.9692759525038024,22.212036263455772,-3651.68852243323,7313.37704486646,0.0649228120410797,0.9999277279175139
semiconductor,TRT,0.830076074277352,0.11786333476304174,0.8474990312852072,0.965362366048249,19.66277962167624,-3988.489092951477,7986.978185902954,0.13933502591345678,0.8999288145041591
semiconductor,TXN,0.20529499013405894,0.09220930837288781,0.8557333926946261,0.9479427010675139,12.965420065645082,-3053.0345098589137,6116.069019717827,0.001108557830723996,0.9983207189290533
semiconductor,UCTT,0.29542694383990203,0.03984686276435532,0.9377839984214834,0.9776308611858388,30.63888165718573,-4019.832066370698,8049.664132741396,0.0276566309512633,0.999855081369727
semiconductor,VECO,0.17930646409287587,0.04563945162622484,0.9326391844617143,0.9782786360879392,31.563007685792538,-3628.485636968147,7266.971273936294,0.10638835456354913,0.4513902922280526
semiconductor,VSH,0.34966265293027865,0.08554481143316094,0.8552279335046202,0.9407727449377812,11.353079247994128,-3347.567298656496,6705.134597312992,0.09534643942885082,0.9557808948624308
